parameter,n,lag1_autocorr,ess_lag1_proxy,min_required_ess,gate_pass
omega_b,2000,0.8649743588422295,144.80160600341335,50.0,True
n_s,2000,0.8580982045194395,152.73874667702032,50.0,True
A_planck,2000,0.502565836105386,662.1129696172931,50.0,True
