family,n_rows,minuslogpost_found,minuslogpost_min,minuslogpost_q05,minuslogpost_q10,minuslogpost_q50,minuslogpost_max,max_logposterior,deu_damping_envelope_beta__mean,deu_damping_envelope_beta__sd,deu_damping_envelope_beta__q50,deu_transfer_polamp_p_vis__mean,deu_transfer_polamp_p_vis__sd,deu_transfer_polamp_p_vis__q50,omega_b__mean,omega_b__sd,omega_b__q50,n_s__mean,n_s__sd,n_s__q50,A_planck__mean,A_planck__sd,A_planck__q50
DEU,4000,True,572.83932,573.08625,573.1671,573.6872,581.07629,-572.83932,0.02949121724807528,0.0005524725209021037,0.029503285,1.0474182267750214,0.001318023057604206,1.0473475,0.021980020954662106,4.953628242491131e-05,0.021972856,0.9815232201591104,0.0005680687805706126,0.9815207,1.0250557243798117,0.0008464612795648388,1.0250715
native,4000,True,729.84925,730.35432,730.5204,731.79504,883.08484,-729.84925,,,,,,,0.021934116700883653,2.8648401127727596e-05,0.02192558,0.9817776301030928,0.000515600514952671,0.98186963,1.0200422931369661,0.00012027435537001794,1.0200261
