parameter,n_first,n_second,first_half_mean,second_half_mean,overall_std,normalized_tail_shift,max_allowed_normalized_tail_shift,gate_pass
deu_damping_envelope_beta,1000,1000,0.029541391208,0.029546922552,0.0005236712070379311,0.01056262770544311,8.0,True
deu_transfer_polamp_p_vis,1000,1000,1.0473196151,1.047259615,0.001288054101481248,0.0465819719303388,8.0,True
omega_b,1000,1000,0.021975457424000002,0.021975601147,4.7915327735600504e-05,0.0029995203370163297,8.0,True
n_s,1000,1000,0.98154171788,0.98149224461,0.0005894436486721019,0.08393214535689333,8.0,True
A_planck,1000,1000,1.0250356885,1.0250371904000002,0.0008797775296343504,0.0017071361219796585,8.0,True
