parameter,n,lag1_autocorr,ess_lag1_proxy,min_required_ess,gate_pass
omega_b,4000,0.8628787973582673,294.42860767148795,50.0,True
n_s,4000,0.8584167577838074,304.7394867124055,50.0,True
A_planck,4000,0.5866150035441745,1042.1809841263512,50.0,True
