{
  "all_chain_values_finite": true,
  "all_expected_sampled_columns_present": true,
  "chain_files": [
    "/home/merwijas/deu_class/CLASS-DEU/deu_validation/stage3b_outputs/chains/stage3b4_convergence_precheck_pilot_chain01.1.txt",
    "/home/merwijas/deu_class/CLASS-DEU/deu_validation/stage3b_outputs/chains/stage3b4_convergence_precheck_pilot_chain02.1.txt"
  ],
  "chain_files_found": true,
  "chain_infos": [
    {
      "all_numeric_finite": true,
      "header": [
        "weight",
        "minuslogpost",
        "deu_damping_envelope_beta",
        "deu_transfer_polamp_p_vis",
        "omega_b",
        "n_s",
        "A_planck",
        "chi2__CMB",
        "minuslogprior",
        "minuslogprior__0",
        "chi2",
        "chi2__planck_2018_highl_plik.TTTEEE_lite",
        "chi2__planck_2018_lowl.TT",
        "chi2__planck_2018_lowl.EE",
        "chi2__planck_2018_lensing.native"
      ],
      "n_columns": 15,
      "n_rows": 96,
      "path": "/home/merwijas/deu_class/CLASS-DEU/deu_validation/stage3b_outputs/chains/stage3b4_convergence_precheck_pilot_chain01.1.txt",
      "raw_header_lines_tail": [
        "#        weight    minuslogpost deu_damping_envelope_beta deu_transfer_polamp_p_vis         omega_b             n_s        A_planck       chi2__CMB   minuslogprior minuslogprior__0            chi2 chi2__planck_2018_highl_plik.TTTEEE_lite chi2__planck_2018_lowl.TT chi2__planck_2018_lowl.EE chi2__planck_2018_lensing.native"
      ],
      "rows_preview": [
        [
          1.0,
          572.97896,
          0.030232623,
          1.0474716,
          0.021964775,
          0.98179941,
          1.025,
          1207.6577,
          -30.849897,
          -30.849897,
          1207.6577,
          764.6266,
          26.438526,
          397.87538,
          18.717202
        ],
        [
          2.0,
          572.87477,
          0.029955289,
          1.0469339,
          0.02195113,
          0.9816323,
          1.025,
          1207.4493,
          -30.849897,
          -30.849897,
          1207.4493,
          764.34012,
          26.482111,
          397.87538,
          18.751724
        ],
        [
          1.0,
          572.97953,
          0.030193983,
          1.0473562,
          0.021950487,
          0.98241182,
          1.025,
          1207.6589,
          -30.849897,
          -30.849897,
          1207.6589,
          764.71836,
          26.276564,
          397.84712,
          18.81682
        ]
      ]
    },
    {
      "all_numeric_finite": true,
      "header": [
        "weight",
        "minuslogpost",
        "deu_damping_envelope_beta",
        "deu_transfer_polamp_p_vis",
        "omega_b",
        "n_s",
        "A_planck",
        "chi2__CMB",
        "minuslogprior",
        "minuslogprior__0",
        "chi2",
        "chi2__planck_2018_highl_plik.TTTEEE_lite",
        "chi2__planck_2018_lowl.TT",
        "chi2__planck_2018_lowl.EE",
        "chi2__planck_2018_lensing.native"
      ],
      "n_columns": 15,
      "n_rows": 96,
      "path": "/home/merwijas/deu_class/CLASS-DEU/deu_validation/stage3b_outputs/chains/stage3b4_convergence_precheck_pilot_chain02.1.txt",
      "raw_header_lines_tail": [
        "#        weight    minuslogpost deu_damping_envelope_beta deu_transfer_polamp_p_vis         omega_b             n_s        A_planck       chi2__CMB   minuslogprior minuslogprior__0            chi2 chi2__planck_2018_highl_plik.TTTEEE_lite chi2__planck_2018_lowl.TT chi2__planck_2018_lowl.EE chi2__planck_2018_lensing.native"
      ],
      "rows_preview": [
        [
          1.0,
          573.39108,
          0.028916941,
          1.047365,
          0.022015982,
          0.98147422,
          1.025,
          1208.4819,
          -30.849897,
          -30.849897,
          1208.4819,
          765.0535,
          26.530767,
          397.85086,
          19.046827
        ],
        [
          2.0,
          573.27622,
          0.0288959,
          1.0488855,
          0.021948972,
          0.98113586,
          1.0255438,
          1208.2522,
          -30.849897,
          -30.849897,
          1208.2522,
          765.02926,
          26.510709,
          397.83042,
          18.881839
        ],
        [
          1.0,
          574.36405,
          0.028750303,
          1.0497484,
          0.021994786,
          0.98137254,
          1.0265535,
          1210.4279,
          -30.849897,
          -30.849897,
          1210.4279,
          767.99128,
          26.270186,
          397.8233,
          18.343137
        ]
      ]
    }
  ],
  "enough_rows_per_prefix": true,
  "enough_total_rows_for_precheck": true,
  "expected_sampled_columns_present": {
    "A_planck": true,
    "deu_damping_envelope_beta": true,
    "deu_transfer_polamp_p_vis": true,
    "n_s": true,
    "omega_b": true
  },
  "min_rows_per_chain": 24,
  "min_total_rows": 96,
  "n_chain_files": 2,
  "prefix_reports": [
    {
      "chain_files": [
        "/home/merwijas/deu_class/CLASS-DEU/deu_validation/stage3b_outputs/chains/stage3b4_convergence_precheck_pilot_chain01.1.txt"
      ],
      "enough_rows": true,
      "n_chain_files": 1,
      "prefix": "/home/merwijas/deu_class/CLASS-DEU/deu_validation/stage3b_outputs/chains/stage3b4_convergence_precheck_pilot_chain01",
      "rows": 96
    },
    {
      "chain_files": [
        "/home/merwijas/deu_class/CLASS-DEU/deu_validation/stage3b_outputs/chains/stage3b4_convergence_precheck_pilot_chain02.1.txt"
      ],
      "enough_rows": true,
      "n_chain_files": 1,
      "prefix": "/home/merwijas/deu_class/CLASS-DEU/deu_validation/stage3b_outputs/chains/stage3b4_convergence_precheck_pilot_chain02",
      "rows": 96
    }
  ],
  "prefixes": [
    "/home/merwijas/deu_class/CLASS-DEU/deu_validation/stage3b_outputs/chains/stage3b4_convergence_precheck_pilot_chain01",
    "/home/merwijas/deu_class/CLASS-DEU/deu_validation/stage3b_outputs/chains/stage3b4_convergence_precheck_pilot_chain02"
  ],
  "special_columns_present": {
    "minuslogpost": true,
    "weight": true
  },
  "total_rows": 192,
  "unique_columns": [
    "A_planck",
    "chi2",
    "chi2__CMB",
    "chi2__planck_2018_highl_plik.TTTEEE_lite",
    "chi2__planck_2018_lensing.native",
    "chi2__planck_2018_lowl.EE",
    "chi2__planck_2018_lowl.TT",
    "deu_damping_envelope_beta",
    "deu_transfer_polamp_p_vis",
    "minuslogpost",
    "minuslogprior",
    "minuslogprior__0",
    "n_s",
    "omega_b",
    "weight"
  ]
}
