parameter,n_first,n_second,first_half_mean,second_half_mean,overall_std,normalized_tail_shift,max_allowed_normalized_tail_shift,gate_pass
deu_damping_envelope_beta,2000,2000,0.02954415688,0.0294445069215,0.0005456939510289799,0.18261144055581865,8.0,True
deu_transfer_polamp_p_vis,2000,2000,1.04728961505,1.0475322752,0.001300901026043536,0.18653236882907395,8.0,True
omega_b,2000,2000,0.0219755292855,0.0219851269965,4.933863533205723e-05,0.19452728952488885,8.0,True
n_s,2000,2000,0.981516981245,0.98151966526,0.0005617586750494778,0.0047778790417351245,8.0,True
A_planck,2000,2000,1.02503643945,1.02507632095,0.0008757969842134352,0.04553737991667479,8.0,True
