{
  "all_chain_values_finite": true,
  "all_expected_sampled_columns_present": true,
  "chain_files": [
    "/home/merwijas/deu_class/CLASS-DEU/deu_validation/stage3b_outputs/chains/stage3b6_first_production_run.1.txt"
  ],
  "chain_files_found": true,
  "chain_infos": [
    {
      "all_numeric_finite": true,
      "header": [
        "weight",
        "minuslogpost",
        "deu_damping_envelope_beta",
        "deu_transfer_polamp_p_vis",
        "omega_b",
        "n_s",
        "A_planck",
        "chi2__CMB",
        "minuslogprior",
        "minuslogprior__0",
        "chi2",
        "chi2__planck_2018_highl_plik.TTTEEE_lite",
        "chi2__planck_2018_lowl.TT",
        "chi2__planck_2018_lowl.EE",
        "chi2__planck_2018_lensing.native"
      ],
      "n_columns": 15,
      "n_rows": 2000,
      "path": "/home/merwijas/deu_class/CLASS-DEU/deu_validation/stage3b_outputs/chains/stage3b6_first_production_run.1.txt",
      "raw_header_lines_tail": [
        "#        weight    minuslogpost deu_damping_envelope_beta deu_transfer_polamp_p_vis         omega_b             n_s        A_planck       chi2__CMB   minuslogprior minuslogprior__0            chi2 chi2__planck_2018_highl_plik.TTTEEE_lite chi2__planck_2018_lowl.TT chi2__planck_2018_lowl.EE chi2__planck_2018_lensing.native"
      ],
      "rows_preview": [
        [
          1.0,
          573.57283,
          0.030305542,
          1.0483228,
          0.022043289,
          0.98163705,
          1.024498,
          1208.8455,
          -30.849897,
          -30.849897,
          1208.8455,
          765.39749,
          26.584826,
          397.84573,
          19.017396
        ],
        [
          1.0,
          573.64182,
          0.030305542,
          1.0483228,
          0.022043289,
          0.98163705,
          1.0243696,
          1208.9834,
          -30.849897,
          -30.849897,
          1208.9834,
          765.42534,
          26.608688,
          397.84309,
          19.106316
        ],
        [
          3.0,
          573.80982,
          0.029649615,
          1.0489726,
          0.02202294,
          0.9809863,
          1.0243696,
          1209.3194,
          -30.849897,
          -30.849897,
          1209.3194,
          765.34974,
          26.78084,
          397.83701,
          19.351849
        ]
      ]
    }
  ],
  "enough_rows_per_prefix": true,
  "enough_total_rows_for_precheck": true,
  "expected_sampled_columns_present": {
    "A_planck": true,
    "deu_damping_envelope_beta": true,
    "deu_transfer_polamp_p_vis": true,
    "n_s": true,
    "omega_b": true
  },
  "min_rows_per_chain": 1,
  "min_total_rows": 1000,
  "n_chain_files": 1,
  "prefix_reports": [
    {
      "chain_files": [
        "/home/merwijas/deu_class/CLASS-DEU/deu_validation/stage3b_outputs/chains/stage3b6_first_production_run.1.txt"
      ],
      "enough_rows": true,
      "n_chain_files": 1,
      "prefix": "/home/merwijas/deu_class/CLASS-DEU/deu_validation/stage3b_outputs/chains/stage3b6_first_production_run",
      "rows": 2000
    }
  ],
  "prefixes": [
    "/home/merwijas/deu_class/CLASS-DEU/deu_validation/stage3b_outputs/chains/stage3b6_first_production_run"
  ],
  "special_columns_present": {
    "minuslogpost": true,
    "weight": true
  },
  "total_rows": 2000,
  "unique_columns": [
    "A_planck",
    "chi2",
    "chi2__CMB",
    "chi2__planck_2018_highl_plik.TTTEEE_lite",
    "chi2__planck_2018_lensing.native",
    "chi2__planck_2018_lowl.EE",
    "chi2__planck_2018_lowl.TT",
    "deu_damping_envelope_beta",
    "deu_transfer_polamp_p_vis",
    "minuslogpost",
    "minuslogprior",
    "minuslogprior__0",
    "n_s",
    "omega_b",
    "weight"
  ]
}
