parameter,n,lag1_autocorr,ess_lag1_proxy,min_required_ess,gate_pass
deu_damping_envelope_beta,4000,0.9140560428421024,179.60593678392613,50.0,True
deu_transfer_polamp_p_vis,4000,0.9070916828138672,194.86911515244793,50.0,True
omega_b,4000,0.9071488380963452,194.74339925422052,50.0,True
n_s,4000,0.9068531599451775,195.393839465857,50.0,True
A_planck,4000,0.419439634665572,1636.02692543163,50.0,True
