parameter,n,lag1_autocorr,ess_lag1_proxy,min_required_ess,gate_pass
deu_damping_envelope_beta,2000,0.9077011798923572,96.76444202110393,50.0,True
deu_transfer_polamp_p_vis,2000,0.9110378033149495,93.10354460883367,50.0,True
omega_b,2000,0.9007117630987836,104.47479605150016,50.0,True
n_s,2000,0.9070332182920073,97.49885929229522,50.0,True
A_planck,2000,0.36034179421463014,940.4374819707213,50.0,True
