parameter,mean,q16,q50,q84,lock
beta,0.02949121725,0.028849905,0.029503285,0.030128599,0.03
p_vis,1.04741822678,1.0459375,1.0473475,1.048932,1.0475
omega_b,0.02198002095,0.021927323,0.021972856,0.0220347,0.022
n_s,0.98152322016,0.98086835,0.9815207,0.98217567,0.981875
A_planck,1.02505572438,1.0242044,1.0250715,1.0259026,1.025
